time,V
0.0,4.014507349470996
2.5e-05,4.0151650661501606
5e-05,4.014178491131149
7.500000000000001e-05,4.015493924489477
0.0001,4.0151650661501606
0.000125,4.0151650661501606
0.00015000000000000001,4.014836207810666
0.000175,4.015822782828618
0.0002,4.0151650661501606
0.00022500000000000002,4.0151650661501606
0.00025,4.015493924489477
0.000275,4.014507349470996
0.00030000000000000003,4.014178491131149
0.00032500000000000004,4.015493924489477
0.00035,4.014507349470996
0.000375,4.0151650661501606
0.0004,4.014836207810666
0.00042500000000000003,4.0151650661501606
0.00045000000000000004,4.0151650661501606
0.000475,4.0151650661501606
0.0005,4.014836207810666
0.0005250000000000001,4.014836207810666
0.00055,4.014507349470996
0.000575,4.014836207810666
0.0006000000000000001,4.014836207810666
0.000625,4.014507349470996
0.0006500000000000001,4.015493924489477
0.000675,4.015822782828618
0.0007,4.014836207810666
0.0007250000000000001,4.014836207810666
0.00075,4.014836207810666
0.0007750000000000001,4.014507349470996
0.0008,4.014836207810666
0.000825,4.014836207810666
0.0008500000000000001,4.014836207810666
0.000875,4.0151650661501606
0.0009000000000000001,4.0151650661501606
0.000925,4.0151650661501606
0.00095,4.0151650661501606
0.0009750000000000001,4.015493924489477
0.001,4.015493924489477
0.001025,4.020426799558062
0.0010500000000000002,4.0256885329208245
0.001075,4.030950266238496
0.0011,4.034896566197189
0.0011250000000000001,4.03950058278367
0.00115,4.04377574101172
0.001175,4.046406607598854
0.0012000000000000001,4.049366332495963
0.001225,4.053641490655615
0.00125,4.057258932152201
0.001275,4.060547515312541
0.0013000000000000002,4.062849523514373
0.001325,4.06712468158077
0.00135,4.069097831447612
0.0013750000000000001,4.071399839617651
0.0014,4.073701847779142
0.001425,4.0641649567687175
0.0014500000000000001,4.056601215518033
0.001475,4.049366332495963
0.0015,4.041802591063998
0.001525,4.035225424525938
0.0015500000000000002,4.02864825791756
0.001575,4.023057666245083
0.0016,4.0168093578449815
0.0016250000000000001,4.011876482747278
0.00165,4.00595703257757
0.001675,4.0013530157393
0.0017000000000000001,3.9967489988663347
0.0017250000000000002,3.992144981958643
0.00175,3.987869823370378
0.001775,3.9845812398205323
0.0018000000000000002,3.981621514610486
0.001825,3.9839235231084325
0.00185,3.98556781488735
0.0018750000000000001,3.9868832483072887
0.0019,3.98885639843187
0.001925,3.9891852567853454
0.0019500000000000001,3.9914872652547073
0.001975,3.992144981958643
0.002,3.9934604153643862
0.002025,3.995433565467682
0.00205,3.9960912821673626
0.002075,3.997406715564598
0.0021000000000000003,3.9980644322621526
0.002125,3.998722148958999
0.00215,3.99970872400294
0.0021750000000000003,4.0006952990452875
0.0022,4.001681874086041
0.002225,4.001024157392382
0.0022500000000000003,4.002010732432605
0.002275,4.002668449125202
0.0023,4.003655024162771
0.0023250000000000002,4.004312740853598
0.00235,4.00562817423313
0.002375,4.00562817423313
0.0024000000000000002,4.006285890921835
0.002425,4.006614749265922
0.00245,4.006614749265922
0.002475,4.007601324297123
0.0025,4.008259040983706
0.0025250000000000003,4.008259040983706
0.00255,4.009245616012255
0.002575,4.009245616012255
0.0026000000000000003,4.008916757669582
0.002625,4.0085878993267325
0.00265,4.009903332697071
0.0026750000000000003,4.009574474354752
0.0027,4.010232191039214
0.002725,4.01056104938118
0.0027500000000000003,4.010232191039214
0.002775,4.011547624406019
0.0028,4.010889907722969
0.0028250000000000003,4.011547624406019
0.00285,4.01056104938118
0.002875,4.011218766064582
0.0029000000000000002,4.01319191611055
0.002925,4.01220534108836
0.00295,4.01220534108836
0.002975,4.011876482747278
0.003,4.012863057769996
0.0030250000000000003,4.012863057769996
0.00305,4.012863057769996
0.003075,4.0125341994292665
0.0031000000000000003,4.013520774450926
0.003125,4.013520774450926
0.00315,4.013520774450926
0.0031750000000000003,4.0125341994292665
0.0032,4.013849632791127
0.003225,4.013849632791127
0.0032500000000000003,4.013520774450926
0.003275,4.013520774450926
0.0033,4.014178491131149
0.0033250000000000003,4.013520774450926
0.00335,4.014178491131149
0.003375,4.013520774450926
0.0034000000000000002,4.014178491131149
0.003425,4.013520774450926
0.0034500000000000004,4.013520774450926
0.0034750000000000002,4.013849632791127
0.0035,4.013849632791127
0.0035250000000000004,4.014507349470996
0.00355,4.014507349470996
0.003575,4.014507349470996
0.0036000000000000003,4.0151650661501606
0.003625,4.015493924489477
0.00365,4.014507349470996
0.0036750000000000003,4.014507349470996
0.0037,4.015493924489477
0.003725,4.014507349470996
0.0037500000000000003,4.014836207810666
0.003775,4.014836207810666
0.0038,4.013849632791127
0.0038250000000000003,4.014836207810666
0.00385,4.014836207810666
0.003875,4.014178491131149
0.0039000000000000003,4.014836207810666
0.0039250000000000005,4.014178491131149
0.00395,4.014836207810666
0.003975,4.014836207810666
0.004,4.014178491131149
0.004025,4.0151650661501606
0.00405,4.014836207810666
0.0040750000000000005,4.014836207810666
0.0041,4.015493924489477
0.004125,4.014507349470996
0.00415,4.014836207810666
0.004175,4.014836207810666
0.004200000000000001,4.014836207810666
0.0042250000000000005,4.015493924489477
0.00425,4.014836207810666
0.004275,4.0151650661501606
0.0043,4.015822782828618
0.004325,4.015822782828618
0.004350000000000001,4.014836207810666
0.004375,4.013849632791127
0.0044,4.0151650661501606
0.004425,4.016151641167582
0.00445,4.014836207810666
0.004475,4.0151650661501606
0.0045000000000000005,4.0151650661501606
0.004525,4.014836207810666
0.00455,4.014836207810666
0.004575,4.015493924489477
0.0046,4.014507349470996
0.004625000000000001,4.015493924489477
0.0046500000000000005,4.015493924489477
0.004675,4.0151650661501606
0.0047,4.014836207810666
0.004725,4.0151650661501606
0.00475,4.015493924489477
0.004775000000000001,4.0151650661501606
0.0048000000000000004,4.0151650661501606
0.004825,4.014836207810666
0.00485,4.014836207810666
0.004875,4.014836207810666
0.0049,4.015493924489477
0.0049250000000000006,4.014836207810666
0.00495,4.014507349470996
0.004975,4.0151650661501606
0.005,4.015493924489477
0.005025,4.015822782828618
0.005050000000000001,4.015822782828618
0.0050750000000000005,4.015822782828618
0.0051,4.015493924489477
0.005125,4.015493924489477
0.00515,4.014836207810666
0.005175,4.015493924489477
0.005200000000000001,4.014507349470996
0.0052250000000000005,4.014178491131149
0.00525,4.014836207810666
0.005275,4.014836207810666
0.0053,4.0151650661501606
0.005325,4.0151650661501606
0.005350000000000001,4.014836207810666
0.0053750000000000004,4.014507349470996
0.0054,4.0151650661501606
0.005425,4.0151650661501606
0.00545,4.014178491131149
0.005475,4.0151650661501606
0.0055000000000000005,4.015493924489477
0.005525,4.0151650661501606
0.00555,4.014836207810666
0.005575,4.0151650661501606
0.0056,4.015493924489477
0.005625000000000001,4.0151650661501606
0.0056500000000000005,4.015493924489477
0.005675,4.014836207810666
0.0057,4.015822782828618
0.005725,4.014507349470996
0.00575,4.015493924489477
0.005775000000000001,4.015493924489477
0.0058000000000000005,4.015822782828618
0.005825,4.015493924489477
0.00585,4.016151641167582
0.005875,4.014507349470996
0.0059,4.015493924489477
0.005925000000000001,4.015493924489477
0.00595,4.0151650661501606
0.005975,4.013849632791127
0.006,4.0151650661501606
0.006025,4.013849632791127
0.006050000000000001,4.015493924489477
0.0060750000000000005,4.014507349470996
0.0061,4.014507349470996
0.006125,4.014836207810666
0.00615,4.015493924489477
0.006175,4.0151650661501606
0.006200000000000001,4.014836207810666
0.0062250000000000005,4.014836207810666
0.00625,4.014836207810666
0.006275,4.015493924489477
0.0063,4.0151650661501606
0.006325,4.014507349470996
0.006350000000000001,4.0151650661501606
0.0063750000000000005,4.0151650661501606
0.0064,4.0151650661501606
0.006425,4.0151650661501606
0.00645,4.0151650661501606
0.006475000000000001,4.0151650661501606
0.006500000000000001,4.014836207810666
0.006525,4.014507349470996
0.00655,4.014836207810666
0.006575,4.015822782828618
0.0066,4.0151650661501606
0.006625000000000001,4.015822782828618
0.0066500000000000005,4.014507349470996
0.006675,4.014836207810666
0.0067,4.014836207810666
0.006725,4.015822782828618
0.00675,4.014836207810666
0.006775000000000001,4.014836207810666
0.0068000000000000005,4.0151650661501606
0.006825,4.015493924489477
0.00685,4.014507349470996
0.006875,4.015493924489477
0.006900000000000001,4.0151650661501606
0.006925000000000001,4.014836207810666
0.0069500000000000004,4.015493924489477
0.006975,4.014836207810666
0.007,4.014836207810666
0.007025,4.0151650661501606
0.007050000000000001,4.014507349470996
0.0070750000000000006,4.014507349470996
0.0071,4.014836207810666
0.007125,4.014836207810666
0.00715,4.0151650661501606
0.007175,4.014507349470996
0.007200000000000001,4.015493924489477
0.0072250000000000005,4.0151650661501606
0.00725,4.0151650661501606
0.007275,4.016151641167582
0.0073,4.015493924489477
0.007325000000000001,4.014836207810666
0.007350000000000001,4.0151650661501606
0.0073750000000000005,4.015493924489477
0.0074,4.0151650661501606
0.007425,4.014178491131149
0.00745,4.0151650661501606
0.007475000000000001,4.0151650661501606
0.007500000000000001,4.015493924489477
0.0075250000000000004,4.015822782828618
0.00755,4.014836207810666
0.007575,4.015493924489477
0.0076,4.0151650661501606
0.007625000000000001,4.015493924489477
0.0076500000000000005,4.014507349470996
0.007675,4.014836207810666
0.0077,4.014836207810666
0.007725,4.0151650661501606
0.00775,4.015493924489477
0.007775000000000001,4.014836207810666
0.0078000000000000005,4.014836207810666
0.007825,4.015493924489477
0.007850000000000001,4.014507349470996
0.007875,4.014178491131149
0.0079,4.014836207810666
0.007925,4.015493924489477
0.00795,4.014836207810666
0.007975000000000001,4.015493924489477
0.008,4.016151641167582
0.008025000000000001,4.014836207810666
0.00805,4.014507349470996
0.008075,4.0151650661501606
0.0081,4.0151650661501606
0.008125,4.014507349470996
0.008150000000000001,4.015493924489477
0.008175,4.015822782828618
0.0082,4.0151650661501606
0.008225,4.014836207810666
0.00825,4.015493924489477
0.008275000000000001,4.015493924489477
0.0083,4.014836207810666
0.008325,4.015822782828618
0.00835,4.013849632791127
0.008375,4.014836207810666
0.008400000000000001,4.0151650661501606
0.008425,4.014836207810666
0.008450000000000001,4.014836207810666
0.008475,4.015493924489477
0.0085,4.014836207810666
0.008525,4.015822782828618
0.00855,4.014836207810666
0.008575000000000001,4.014836207810666
0.0086,4.014507349470996
0.008625,4.014178491131149
0.00865,4.0151650661501606
0.008675,4.015822782828618
0.008700000000000001,4.015822782828618
0.008725,4.014836207810666
0.00875,4.015493924489477
0.008775,4.0151650661501606
0.0088,4.015822782828618
0.008825000000000001,4.014507349470996
0.00885,4.014836207810666
0.008875000000000001,4.015493924489477
0.0089,4.015493924489477
0.008925,4.014836207810666
0.00895,4.015493924489477
0.008975,4.0151650661501606
0.009000000000000001,4.014507349470996
0.009025,4.014507349470996
0.00905,4.015822782828618
0.009075,4.015493924489477
0.0091,4.0151650661501606
0.009125000000000001,4.015493924489477
0.00915,4.014836207810666
0.009175,4.0151650661501606
0.0092,4.014836207810666
0.009225,4.014836207810666
0.009250000000000001,4.0151650661501606
0.009275,4.015822782828618
0.009300000000000001,4.014836207810666
0.009325,4.015822782828618
0.00935,4.0151650661501606
0.009375,4.0151650661501606
0.0094,4.015493924489477
0.009425000000000001,4.014836207810666
0.00945,4.014836207810666
0.009475,4.014836207810666
0.0095,4.015493924489477
0.009525,4.014507349470996
0.009550000000000001,4.015493924489477
0.009575,4.015822782828618
0.009600000000000001,4.0151650661501606
0.009625,4.014836207810666
0.00965,4.0151650661501606
0.009675000000000001,4.015493924489477
0.0097,4.014507349470996
0.009725000000000001,4.0151650661501606
0.00975,4.015493924489477
0.009775,4.014836207810666
0.0098,4.015493924489477
0.009825,4.014178491131149
0.009850000000000001,4.014836207810666
0.009875,4.014836207810666
0.0099,4.014836207810666
0.009925,4.014836207810666
0.00995,4.014507349470996
0.009975000000000001,4.0151650661501606
0.01,4.015493924489477
0.010025000000000001,4.014507349470996
0.01005,4.014178491131149
0.010075,4.014836207810666
0.010100000000000001,4.0151650661501606
0.010125,4.015493924489477
0.010150000000000001,4.0151650661501606
0.010175,4.014836207810666
0.0102,4.015822782828618
0.010225,4.016151641167582
0.01025,4.014178491131149
0.010275000000000001,4.014178491131149
0.0103,4.014507349470996
0.010325,4.014836207810666
0.01035,4.0151650661501606
0.010375,4.014507349470996
0.010400000000000001,4.014836207810666
0.010425,4.014178491131149
0.010450000000000001,4.014507349470996
0.010475,4.014507349470996
0.0105,4.015493924489477
0.010525000000000001,4.014507349470996
0.01055,4.015493924489477
0.010575000000000001,4.015493924489477
0.0106,4.016480499506369
0.010625,4.0151650661501606
0.01065,4.014836207810666
0.010675,4.014836207810666
0.010700000000000001,4.014836207810666
0.010725,4.014836207810666
0.010750000000000001,4.015493924489477
0.010775,4.013849632791127
0.0108,4.014836207810666
0.010825000000000001,4.014836207810666
0.01085,4.0151650661501606
0.010875000000000001,4.0151650661501606
0.0109,4.014836207810666
0.010925,4.0151650661501606
0.01095,4.014178491131149
0.010975,4.015493924489477
0.011000000000000001,4.014836207810666
0.011025,4.015493924489477
0.01105,4.015493924489477
0.011075,4.014836207810666
0.0111,4.014836207810666
0.011125000000000001,4.0151650661501606
0.01115,4.015493924489477
0.011175000000000001,4.015493924489477
0.0112,4.014836207810666
0.011225,4.0151650661501606
0.011250000000000001,4.015493924489477
0.011275,4.014836207810666
0.011300000000000001,4.015493924489477
0.011325,4.014507349470996
0.01135,4.0151650661501606
0.011375,4.015822782828618
0.0114,4.014507349470996
0.011425000000000001,4.0151650661501606
0.01145,4.014836207810666
0.011475,4.014507349470996
0.0115,4.014836207810666
0.011525,4.015822782828618
0.011550000000000001,4.014836207810666
0.011575,4.0151650661501606
0.011600000000000001,4.014507349470996
0.011625,4.0151650661501606
0.01165,4.015822782828618
0.011675000000000001,4.014836207810666
0.0117,4.0151650661501606
0.011725000000000001,4.015493924489477
0.01175,4.014836207810666
0.011775,4.0151650661501606
0.0118,4.014507349470996
0.011825,4.014507349470996
0.011850000000000001,4.0151650661501606
0.011875,4.0151650661501606
0.0119,4.014178491131149
0.011925,4.014178491131149
0.01195,4.015493924489477
0.011975000000000001,4.0151650661501606
0.012,4.0151650661501606
0.012025000000000001,4.014836207810666
0.01205,4.015493924489477
0.012075,4.014507349470996
0.012100000000000001,4.0151650661501606
0.012125,4.014507349470996
0.012150000000000001,4.014836207810666
0.012175,4.014836207810666
0.0122,4.015822782828618
0.012225,4.0151650661501606
0.01225,4.015493924489477
0.012275000000000001,4.0151650661501606
0.0123,4.015822782828618
0.012325000000000001,4.0151650661501606
0.01235,4.014836207810666
0.012375,4.014836207810666
0.012400000000000001,4.0151650661501606
0.012425,4.015493924489477
0.012450000000000001,4.0151650661501606
0.012475,4.014507349470996
0.0125,4.014836207810666
0.012525000000000001,4.015493924489477
0.01255,4.0151650661501606
0.012575000000000001,4.013849632791127
0.0126,4.0151650661501606
0.012625,4.016151641167582
0.01265,4.014836207810666
0.012675,4.015822782828618
0.012700000000000001,4.015493924489477
0.012725,4.014507349470996
0.012750000000000001,4.015493924489477
0.012775,4.014836207810666
0.0128,4.0151650661501606
0.012825000000000001,4.0151650661501606
0.01285,4.014836207810666
0.012875000000000001,4.0151650661501606
0.0129,4.014836207810666
0.012925,4.0151650661501606
0.012950000000000001,4.014836207810666
0.012975,4.014507349470996
0.013000000000000001,4.015493924489477
0.013025,4.014507349470996
0.01305,4.014507349470996
0.013075,4.014836207810666
0.0131,4.015493924489477
0.013125000000000001,4.014507349470996
0.01315,4.0151650661501606
0.013175000000000001,4.0151650661501606
0.0132,4.014507349470996
0.013225,4.014507349470996
0.013250000000000001,4.0151650661501606
0.013275,4.015493924489477
0.013300000000000001,4.015493924489477
0.013325,4.014507349470996
0.01335,4.014507349470996
0.013375000000000001,4.015822782828618
0.0134,4.0151650661501606
0.013425000000000001,4.0151650661501606
0.01345,4.014836207810666
0.013475,4.0151650661501606
0.0135,4.014836207810666
0.013525,4.0151650661501606
0.013550000000000001,4.0151650661501606
0.013575,4.014836207810666
0.013600000000000001,4.014836207810666
0.013625,4.014178491131149
0.01365,4.015493924489477
0.013675000000000001,4.014178491131149
0.0137,4.014507349470996
0.013725000000000001,4.014836207810666
0.01375,4.0151650661501606
0.013775,4.015822782828618
0.013800000000000002,4.014836207810666
0.013825,4.0151650661501606
0.013850000000000001,4.0151650661501606
0.013875,4.014836207810666
0.013900000000000001,4.0151650661501606
0.013925,4.016151641167582
0.01395,4.0151650661501606
0.013975000000000001,4.014836207810666
0.014,4.014507349470996
0.014025000000000001,4.014507349470996
0.01405,4.0151650661501606
0.014075,4.014507349470996
0.014100000000000001,4.015493924489477
0.014125,4.0151650661501606
0.014150000000000001,4.015493924489477
0.014175,4.014836207810666
0.0142,4.016151641167582
0.014225000000000002,4.015493924489477
0.01425,4.0151650661501606
0.014275000000000001,4.015822782828618
0.0143,4.0151650661501606
0.014325000000000001,4.0151650661501606
0.01435,4.0151650661501606
0.014375,4.014836207810666
0.014400000000000001,4.015493924489477
0.014425,4.015493924489477
0.014450000000000001,4.014178491131149
0.014475,4.0151650661501606
0.0145,4.014836207810666
0.014525000000000001,4.0151650661501606
0.01455,4.015493924489477
0.014575000000000001,4.0151650661501606
0.0146,4.015493924489477
0.014625,4.016151641167582
0.014650000000000002,4.014836207810666
0.014675,4.0151650661501606
0.014700000000000001,4.014507349470996
0.014725,4.0151650661501606
0.014750000000000001,4.014836207810666
0.014775,4.015493924489477
0.0148,4.014836207810666
0.014825000000000001,4.014178491131149
0.01485,4.014507349470996
0.014875000000000001,4.0151650661501606
0.0149,4.015493924489477
0.014925,4.0151650661501606
0.014950000000000001,4.014836207810666
0.014975,4.014836207810666
0.015000000000000001,4.013849632791127
0.015025,4.015493924489477
0.015050000000000001,4.015493924489477
0.015075,4.0151650661501606
0.0151,4.0151650661501606
0.015125000000000001,4.014836207810666
0.01515,4.015493924489477
0.015175000000000001,4.014836207810666
0.0152,4.0151650661501606
0.015225,4.0151650661501606
0.015250000000000001,4.015822782828618
0.015275,4.015493924489477
0.015300000000000001,4.015822782828618
0.015325,4.014507349470996
0.01535,4.0151650661501606
0.015375000000000002,4.0151650661501606
0.0154,4.014836207810666
0.015425000000000001,4.0151650661501606
0.01545,4.0151650661501606
0.015475000000000001,4.014507349470996
0.0155,4.015493924489477
0.015525,4.0151650661501606
0.015550000000000001,4.0151650661501606
0.015575,4.0151650661501606
0.015600000000000001,4.015493924489477
0.015625,4.0151650661501606
0.01565,4.014836207810666
0.015675,4.014836207810666
0.015700000000000002,4.014836207810666
0.015725,4.014836207810666
0.01575,4.0151650661501606
0.015775,4.0151650661501606
0.0158,4.0151650661501606
0.015825000000000002,4.015822782828618
0.01585,4.0151650661501606
0.015875,4.015493924489477
0.0159,4.015822782828618
0.015925,4.014836207810666
0.015950000000000002,4.014836207810666
0.015975,4.014836207810666
0.016,4.0151650661501606
0.016025,4.015493924489477
0.016050000000000002,4.015493924489477
0.016075000000000002,4.014507349470996
0.0161,4.016151641167582
0.016125,4.014836207810666
0.01615,4.014836207810666
0.016175000000000002,4.015493924489477
0.0162,4.0151650661501606
0.016225,4.0151650661501606
0.01625,4.0151650661501606
0.016275,4.0151650661501606
0.016300000000000002,4.015493924489477
0.016325,4.0151650661501606
0.01635,4.014507349470996
0.016375,4.014836207810666
0.0164,4.014178491131149
0.016425000000000002,4.0151650661501606
0.01645,4.014836207810666
0.016475,4.014836207810666
0.0165,4.0151650661501606
0.016525,4.014836207810666
0.016550000000000002,4.014178491131149
0.016575,4.0151650661501606
0.0166,4.016151641167582
0.016625,4.014836207810666
0.01665,4.014507349470996
0.016675000000000002,4.014836207810666
0.0167,4.014836207810666
0.016725,4.014507349470996
0.01675,4.0151650661501606
0.016775,4.015493924489477
0.016800000000000002,4.014836207810666
0.016825,4.015822782828618
0.01685,4.015822782828618
0.016875,4.014836207810666
0.016900000000000002,4.015493924489477
0.016925000000000003,4.0151650661501606
0.01695,4.015822782828618
0.016975,4.014178491131149
0.017,4.014178491131149
0.017025000000000002,4.014507349470996
0.01705,4.0151650661501606
0.017075,4.0151650661501606
0.0171,4.015493924489477
0.017125,4.015493924489477
0.017150000000000002,4.015493924489477
0.017175,4.015493924489477
0.0172,4.014836207810666
0.017225,4.015822782828618
0.01725,4.0151650661501606
0.017275000000000002,4.016151641167582
0.0173,4.015493924489477
0.017325,4.014836207810666
0.01735,4.014836207810666
0.017375,4.014507349470996
0.017400000000000002,4.0151650661501606
0.017425,4.015493924489477
0.01745,4.014836207810666
0.017475,4.015493924489477
0.0175,4.0151650661501606
0.017525000000000002,4.014836207810666
0.01755,4.0151650661501606
0.017575,4.0151650661501606
0.0176,4.0151650661501606
0.017625000000000002,4.015822782828618
0.017650000000000002,4.015822782828618
0.017675,4.014836207810666
0.0177,4.014507349470996
0.017725,4.014836207810666
0.017750000000000002,4.016480499506369
0.017775,4.015493924489477
0.0178,4.015493924489477
0.017825,4.014836207810666
0.01785,4.014836207810666
0.017875000000000002,4.015493924489477
0.0179,4.0151650661501606
0.017925,4.014507349470996
0.01795,4.014836207810666
0.017975,4.015493924489477
0.018000000000000002,4.014836207810666
0.018025,4.014507349470996
0.01805,4.014836207810666
0.018075,4.0151650661501606
0.0181,4.016480499506369
0.018125000000000002,4.014507349470996
0.01815,4.015493924489477
0.018175,4.014836207810666
0.0182,4.015822782828618
0.018225,4.0151650661501606
0.018250000000000002,4.0151650661501606
0.018275,4.015493924489477
0.0183,4.0151650661501606
0.018325,4.0151650661501606
0.01835,4.014836207810666
0.018375000000000002,4.014836207810666
0.0184,4.015822782828618
0.018425,4.014178491131149
0.01845,4.015822782828618
0.018475000000000002,4.015822782828618
0.018500000000000003,4.014836207810666
0.018525,4.014836207810666
0.01855,4.0151650661501606
0.018575,4.014836207810666
0.018600000000000002,4.015493924489477
0.018625,4.014836207810666
0.01865,4.015493924489477
0.018675,4.014836207810666
0.0187,4.015493924489477
0.018725000000000002,4.015493924489477
0.01875,4.014836207810666
0.018775,4.0151650661501606
0.0188,4.015493924489477
0.018825,4.0151650661501606
0.018850000000000002,4.0151650661501606
0.018875,4.014178491131149
0.0189,4.014836207810666
0.018925,4.015822782828618
0.01895,4.014836207810666
0.018975000000000002,4.0151650661501606
0.019,4.014836207810666
0.019025,4.0151650661501606
0.01905,4.014178491131149
0.019075,4.015493924489477
0.019100000000000002,4.014836207810666
0.019125,4.0151650661501606
0.01915,4.014507349470996
0.019175,4.014836207810666
0.019200000000000002,4.016151641167582
0.019225000000000003,4.0151650661501606
0.01925,4.0151650661501606
0.019275,4.015493924489477
0.0193,4.014836207810666
0.019325000000000002,4.015493924489477
0.019350000000000003,4.014178491131149
0.019375,4.014836207810666
0.0194,4.015493924489477
0.019425,4.0151650661501606
0.019450000000000002,4.015493924489477
0.019475,4.014836207810666
0.0195,4.014836207810666
0.019525,4.014507349470996
0.01955,4.0151650661501606
0.019575000000000002,4.0151650661501606
0.0196,4.015493924489477
0.019625,4.014836207810666
0.01965,4.014836207810666
0.019675,4.014178491131149
0.019700000000000002,4.015493924489477
0.019725,4.0151650661501606
0.01975,4.0151650661501606
0.019775,4.014836207810666
0.0198,4.0151650661501606
0.019825000000000002,4.015493924489477
0.01985,4.015822782828618
0.019875,4.014507349470996
0.0199,4.015493924489477
0.019925000000000002,4.0151650661501606
0.019950000000000002,4.0151650661501606
0.019975,4.014836207810666
0.02,4.0151650661501606
0.020025,4.014836207810666
0.020050000000000002,4.0151650661501606
0.020075000000000003,4.014178491131149
0.0201,4.015822782828618
0.020125,4.016151641167582
0.02015,4.015493924489477
0.020175000000000002,4.015493924489477
0.020200000000000003,4.015822782828618
0.020225,4.015493924489477
0.02025,4.014507349470996
0.020275,4.0151650661501606
0.020300000000000002,4.014836207810666
0.020325,4.015493924489477
0.02035,4.014178491131149
0.020375,4.014836207810666
0.0204,4.014507349470996
0.020425000000000002,4.014178491131149
0.02045,4.014836207810666
0.020475,4.014836207810666
0.0205,4.015493924489477
0.020525,4.014507349470996
0.020550000000000002,4.015822782828618
0.020575,4.0151650661501606
0.0206,4.015822782828618
0.020625,4.015822782828618
0.02065,4.014836207810666
0.020675000000000002,4.014836207810666
0.0207,4.015493924489477
0.020725,4.015822782828618
0.02075,4.014507349470996
0.020775000000000002,4.015822782828618
0.020800000000000003,4.015493924489477
0.020825,4.014836207810666
0.02085,4.014507349470996
0.020875,4.0151650661501606
0.020900000000000002,4.014507349470996
0.020925000000000003,4.014507349470996
0.02095,4.015493924489477
0.020975,4.0151650661501606
0.021,4.0151650661501606
0.021025000000000002,4.014507349470996
0.021050000000000003,4.014836207810666
0.021075,4.015822782828618
0.0211,4.015493924489477
0.021125,4.015822782828618
0.021150000000000002,4.015822782828618
0.021175,4.014836207810666
0.0212,4.0151650661501606
0.021225,4.014507349470996
0.02125,4.015493924489477
0.021275000000000002,4.014836207810666
0.0213,4.0151650661501606
0.021325,4.014507349470996
0.02135,4.014836207810666
0.021375,4.014178491131149
0.021400000000000002,4.014836207810666
0.021425,4.0151650661501606
0.02145,4.015822782828618
0.021475,4.015822782828618
0.021500000000000002,4.014836207810666
0.021525000000000002,4.014507349470996
0.02155,4.0151650661501606
0.021575,4.015822782828618
0.0216,4.014178491131149
0.021625000000000002,4.0151650661501606
0.021650000000000003,4.015493924489477
0.021675,4.0151650661501606
0.0217,4.0151650661501606
0.021725,4.014836207810666
0.021750000000000002,4.014507349470996
0.021775000000000003,4.0151650661501606
0.0218,4.014178491131149
0.021825,4.014836207810666
0.02185,4.014836207810666
0.021875000000000002,4.015822782828618
0.0219,4.016480499506369
0.021925,4.014836207810666
0.02195,4.014836207810666
0.021975,4.015493924489477
0.022000000000000002,4.014836207810666
0.022025,4.015493924489477
0.02205,4.013849632791127
0.022075,4.014836207810666
0.0221,4.0151650661501606
0.022125000000000002,4.014836207810666
0.02215,4.0151650661501606
0.022175,4.014836207810666
0.0222,4.0151650661501606
0.022225,4.014507349470996
0.022250000000000002,4.014836207810666
0.022275,4.014507349470996
0.0223,4.014836207810666
0.022325,4.014507349470996
0.022350000000000002,4.014836207810666
0.022375000000000003,4.014836207810666
0.0224,4.014836207810666
0.022425,4.014836207810666
0.02245,4.015493924489477
0.022475000000000002,4.014836207810666
0.022500000000000003,4.015493924489477
0.022525,4.015493924489477
0.02255,4.0151650661501606
0.022575,4.014836207810666
0.022600000000000002,4.014836207810666
0.022625000000000003,4.0151650661501606
0.02265,4.015822782828618
0.022675,4.014178491131149
0.0227,4.014507349470996
0.022725000000000002,4.014836207810666
0.02275,4.015493924489477
0.022775,4.014836207810666
0.0228,4.015493924489477
0.022825,4.0151650661501606
0.022850000000000002,4.0151650661501606
0.022875,4.015822782828618
0.0229,4.014507349470996
0.022925,4.014507349470996
0.02295,4.0151650661501606
0.022975000000000002,4.0151650661501606
0.023,4.014836207810666
0.023025,4.014836207810666
0.02305,4.014836207810666
0.023075000000000002,4.014836207810666
0.023100000000000002,4.0151650661501606
0.023125,4.014836207810666
0.02315,4.014836207810666
0.023175,4.014507349470996
0.023200000000000002,4.014507349470996
0.023225000000000003,4.014507349470996
0.02325,4.014836207810666
0.023275,4.014178491131149
0.0233,4.014836207810666
0.023325000000000002,4.014836207810666
0.023350000000000003,4.0151650661501606
0.023375,4.015493924489477
0.0234,4.0151650661501606
0.023425,4.0151650661501606
0.023450000000000002,4.014836207810666
0.023475000000000003,4.014507349470996
0.0235,4.015493924489477
0.023525,4.014507349470996
0.02355,4.014836207810666
0.023575000000000002,4.0151650661501606
0.0236,4.015493924489477
0.023625,4.015493924489477
0.02365,4.0151650661501606
0.023675,4.0151650661501606
0.023700000000000002,4.014836207810666
0.023725,4.0151650661501606
0.02375,4.015493924489477
0.023775,4.014507349470996
0.0238,4.014836207810666
0.023825000000000002,4.0151650661501606
0.02385,4.014836207810666
0.023875,4.014836207810666
0.0239,4.014836207810666
0.023925000000000002,4.0151650661501606
0.023950000000000003,4.014507349470996
0.023975,4.014507349470996
0.024,4.014507349470996
0.024025,4.015493924489477
0.024050000000000002,4.015493924489477
0.024075000000000003,4.014836207810666
0.0241,4.014178491131149
0.024125,4.014507349470996
0.02415,4.014836207810666
0.024175000000000002,4.0151650661501606
0.024200000000000003,4.016151641167582
0.024225,4.0151650661501606
0.02425,4.015493924489477
0.024275,4.014836207810666
0.024300000000000002,4.015822782828618
0.024325000000000003,4.015493924489477
0.02435,4.015493924489477
0.024375,4.014836207810666
0.0244,4.014836207810666
0.024425000000000002,4.015493924489477
0.02445,4.015493924489477
0.024475,4.014507349470996
0.0245,4.014836207810666
0.024525,4.015822782828618
0.024550000000000002,4.015493924489477
0.024575,4.015493924489477
0.0246,4.014836207810666
0.024625,4.014836207810666
0.024650000000000002,4.0151650661501606
0.024675000000000002,4.014507349470996
0.0247,4.0151650661501606
0.024725,4.015493924489477
0.02475,4.015493924489477
0.024775000000000002,4.0151650661501606
0.024800000000000003,4.015822782828618
0.024825,4.015493924489477
0.02485,4.015493924489477
0.024875,4.015493924489477
0.024900000000000002,4.014836207810666
0.024925000000000003,4.0151650661501606
0.02495,4.0151650661501606
0.024975,4.015822782828618
0.025,4.0151650661501606
0.025025000000000002,4.0151650661501606
0.025050000000000003,4.014507349470996
0.025075,4.014836207810666
0.0251,4.014836207810666
0.025125,4.0151650661501606
0.025150000000000002,4.015493924489477
0.025175000000000003,4.0151650661501606
0.0252,4.0151650661501606
0.025225,4.015493924489477
0.02525,4.015822782828618
0.025275000000000002,4.0151650661501606
0.0253,4.015493924489477
0.025325,4.015822782828618
0.02535,4.014507349470996
0.025375,4.014507349470996
0.025400000000000002,4.015822782828618
0.025425,4.016151641167582
0.02545,4.0151650661501606
0.025475,4.015493924489477
0.025500000000000002,4.014836207810666
0.025525000000000003,4.015822782828618
0.02555,4.015493924489477
0.025575,4.015493924489477
0.0256,4.014836207810666
0.025625000000000002,4.014507349470996
0.025650000000000003,4.014507349470996
0.025675,4.014836207810666
0.0257,4.0151650661501606
0.025725,4.014507349470996
0.025750000000000002,4.014507349470996
0.025775000000000003,4.015493924489477
0.0258,4.016151641167582
0.025825,4.015822782828618
0.02585,4.0151650661501606
0.025875000000000002,4.014507349470996
0.025900000000000003,4.0151650661501606
0.025925,4.015493924489477
0.02595,4.014836207810666
0.025975,4.014836207810666
0.026000000000000002,4.014178491131149
0.026025,4.014507349470996
0.02605,4.0151650661501606
0.026075,4.015493924489477
0.0261,4.0151650661501606
0.026125000000000002,4.015822782828618
0.02615,4.0151650661501606
0.026175,4.0151650661501606
0.0262,4.0151650661501606
0.026225000000000002,4.014836207810666
0.026250000000000002,4.015493924489477
0.026275,4.014836207810666
0.0263,4.015493924489477
0.026325,4.015493924489477
0.026350000000000002,4.014836207810666
0.026375000000000003,4.015493924489477
0.0264,4.0151650661501606
0.026425,4.0151650661501606
0.02645,4.013849632791127
0.026475000000000002,4.014836207810666
0.026500000000000003,4.015493924489477
0.026525,4.015822782828618
0.02655,4.0151650661501606
0.026575,4.014836207810666
0.026600000000000002,4.0151650661501606
0.026625000000000003,4.0151650661501606
0.02665,4.014836207810666
0.026675,4.0151650661501606
0.0267,4.014836207810666
0.026725000000000002,4.0151650661501606
0.026750000000000003,4.015822782828618
0.026775,4.014836207810666
0.0268,4.015493924489477
0.026825,4.015493924489477
0.026850000000000002,4.015493924489477
0.026875,4.014836207810666
0.0269,4.014836207810666
0.026925,4.0151650661501606
0.02695,4.0151650661501606
0.026975000000000002,4.014836207810666
0.027,4.0151650661501606
0.027025,4.0151650661501606
0.02705,4.015493924489477
0.027075000000000002,4.0151650661501606
0.027100000000000003,4.014836207810666
0.027125,4.015822782828618
0.02715,4.015493924489477
0.027175,4.014836207810666
0.027200000000000002,4.014178491131149
0.027225000000000003,4.0151650661501606
0.02725,4.014507349470996
0.027275,4.014178491131149
0.0273,4.014836207810666
0.027325000000000002,4.015493924489477
0.027350000000000003,4.014836207810666
0.027375,4.014507349470996
0.0274,4.0151650661501606
0.027425,4.015822782828618
0.027450000000000002,4.015493924489477
0.027475000000000003,4.0151650661501606
0.0275,4.0151650661501606
0.027525,4.0151650661501606
0.02755,4.015493924489477
0.027575000000000002,4.0151650661501606
0.027600000000000003,4.015822782828618
0.027625,4.0151650661501606
0.02765,4.014836207810666
0.027675,4.0151650661501606
0.027700000000000002,4.015822782828618
0.027725,4.014836207810666
0.02775,4.0151650661501606
0.027775,4.015822782828618
0.027800000000000002,4.0151650661501606
0.027825000000000003,4.0151650661501606
0.02785,4.016151641167582
0.027875,4.014836207810666
0.0279,4.014507349470996
0.027925000000000002,4.014836207810666
0.027950000000000003,4.014836207810666
0.027975,4.0151650661501606
0.028,4.015822782828618
0.028025,4.0151650661501606
0.028050000000000002,4.014836207810666
0.028075000000000003,4.014836207810666
0.0281,4.014178491131149
0.028125,4.014507349470996
0.02815,4.014507349470996
0.028175000000000002,4.0151650661501606
0.028200000000000003,4.015493924489477
0.028225,4.0151650661501606
0.02825,4.015493924489477
0.028275,4.014836207810666
0.028300000000000002,4.014836207810666
0.028325000000000003,4.014836207810666
0.02835,4.015493924489477
0.028375,4.0151650661501606
0.0284,4.014836207810666
0.028425000000000002,4.014836207810666
0.028450000000000003,4.015493924489477
0.028475,4.014836207810666
0.0285,4.014836207810666
0.028525000000000002,4.014507349470996
0.028550000000000002,4.014507349470996
0.028575,4.014836207810666
0.0286,4.0151650661501606
0.028625,4.015493924489477
0.028650000000000002,4.0151650661501606
0.028675000000000003,4.0151650661501606
0.0287,4.0151650661501606
0.028725,4.0151650661501606
0.02875,4.015493924489477
0.028775000000000002,4.0151650661501606
0.028800000000000003,4.0151650661501606
0.028825,4.0151650661501606
0.02885,4.015493924489477
0.028875,4.014836207810666
0.028900000000000002,4.015493924489477
0.028925000000000003,4.014836207810666
0.02895,4.015493924489477
0.028975,4.014507349470996
0.029,4.015822782828618
0.029025000000000002,4.0151650661501606
0.029050000000000003,4.0151650661501606
0.029075,4.0151650661501606
0.0291,4.014178491131149
0.029125,4.015493924489477
0.029150000000000002,4.013849632791127
0.029175000000000003,4.014507349470996
0.0292,4.014507349470996
0.029225,4.014178491131149
0.02925,4.014507349470996
0.029275000000000002,4.015493924489477
0.029300000000000003,4.014836207810666
0.029325,4.014836207810666
0.02935,4.014507349470996
0.029375000000000002,4.015822782828618
0.029400000000000003,4.015493924489477
0.029425,4.015493924489477
0.02945,4.014178491131149
0.029475,4.015493924489477
0.029500000000000002,4.014836207810666
0.029525000000000003,4.0151650661501606
0.02955,4.0151650661501606
0.029575,4.015822782828618
0.0296,4.013849632791127
0.029625000000000002,4.014178491131149
0.029650000000000003,4.014507349470996
0.029675,4.014836207810666
0.0297,4.0151650661501606
0.029725,4.014836207810666
0.029750000000000002,4.0151650661501606
0.029775000000000003,4.015493924489477
0.0298,4.014836207810666
0.029825,4.014836207810666
0.02985,4.015822782828618
0.029875000000000002,4.014836207810666
0.029900000000000003,4.015822782828618
0.029925,4.0151650661501606
0.02995,4.014836207810666
0.029975,4.015493924489477
0.030000000000000002,4.014836207810666
0.030025000000000003,4.0151650661501606
0.03005,4.015493924489477
0.030075,4.015493924489477
0.030100000000000002,4.015493924489477
0.030125000000000002,4.0151650661501606
0.03015,4.014507349470996
0.030175,4.014507349470996
0.0302,4.014507349470996
0.030225000000000002,4.014836207810666
0.030250000000000003,4.015493924489477
0.030275,4.014507349470996
0.0303,4.015493924489477
0.030325,4.014507349470996
0.030350000000000002,4.014507349470996
0.030375000000000003,4.014178491131149
0.0304,4.014836207810666
0.030425,4.0151650661501606
0.03045,4.014836207810666
0.030475000000000002,4.015493924489477
0.030500000000000003,4.0151650661501606
0.030525,4.014507349470996
0.03055,4.014507349470996
0.030575,4.015493924489477
0.030600000000000002,4.0151650661501606
0.030625000000000003,4.0151650661501606
0.03065,4.014836207810666
0.030675,4.015493924489477
0.0307,4.015822782828618
0.030725000000000002,4.014507349470996
0.030750000000000003,4.014836207810666
0.030775,4.0151650661501606
0.0308,4.014836207810666
0.030825,4.014178491131149
0.030850000000000002,4.014836207810666
0.030875000000000003,4.014836207810666
0.0309,4.0151650661501606
0.030925,4.0151650661501606
0.030950000000000002,4.0151650661501606
0.030975000000000003,4.014836207810666
0.031,4.014836207810666
0.031025,4.0151650661501606
0.03105,4.015493924489477
0.031075000000000002,4.014507349470996
0.031100000000000003,4.014836207810666
0.031125,4.014507349470996
0.03115,4.015493924489477
0.031175,4.015493924489477
0.031200000000000002,4.014836207810666
0.031225000000000003,4.014836207810666
0.03125,4.014836207810666
0.031275000000000004,4.014836207810666
0.0313,4.015822782828618
0.031325,4.0151650661501606
0.03135,4.014507349470996
0.031375,4.015822782828618
0.031400000000000004,4.014507349470996
0.031425,4.015493924489477
0.03145,4.014507349470996
0.031475,4.014507349470996
0.0315,4.014507349470996
0.031525000000000004,4.014507349470996
0.03155,4.0151650661501606
0.031575,4.014836207810666
0.0316,4.014836207810666
0.031625,4.015822782828618
0.031650000000000005,4.0151650661501606
0.031675,4.0151650661501606
0.0317,4.014836207810666
0.031725,4.015493924489477
0.03175,4.014507349470996
0.031775000000000005,4.014836207810666
0.0318,4.015493924489477
0.031825,4.0151650661501606
0.03185,4.015493924489477
0.031875,4.014836207810666
0.031900000000000005,4.0151650661501606
0.031925,4.014836207810666
0.03195,4.0151650661501606
0.031975,4.016151641167582
0.032,4.014836207810666
0.032025000000000005,4.0151650661501606
0.03205,4.014507349470996
0.032075,4.014507349470996
0.032100000000000004,4.0151650661501606
0.032125,4.014178491131149
0.032150000000000005,4.014836207810666
0.032175,4.014836207810666
0.0322,4.015493924489477
0.032225000000000004,4.0151650661501606
0.03225,4.015822782828618
0.032275,4.015822782828618
0.0323,4.015493924489477
0.032325,4.015493924489477
0.032350000000000004,4.014507349470996
0.032375,4.014836207810666
0.0324,4.015822782828618
0.032425,4.015493924489477
0.03245,4.0151650661501606
0.032475000000000004,4.0151650661501606
0.0325,4.0151650661501606
0.032525,4.014836207810666
0.03255,4.015493924489477
0.032575,4.014836207810666
0.032600000000000004,4.014836207810666
0.032625,4.014507349470996
0.03265,4.015822782828618
0.032675,4.0151650661501606
0.0327,4.0151650661501606
0.032725000000000004,4.015822782828618
0.03275,4.015493924489477
0.032775,4.014507349470996
0.0328,4.0151650661501606
0.032825,4.014507349470996
0.032850000000000004,4.014836207810666
0.032875,4.014836207810666
0.0329,4.015493924489477
0.032925,4.015493924489477
0.03295,4.0151650661501606
0.032975000000000004,4.015493924489477
0.033,4.014507349470996
0.033025,4.014507349470996
0.03305,4.0151650661501606
0.033075,4.014836207810666
0.033100000000000004,4.015493924489477
0.033125,4.015493924489477
0.03315,4.014178491131149
0.033175,4.0151650661501606
0.0332,4.014836207810666
0.033225000000000005,4.015493924489477
0.03325,4.014836207810666
0.033275,4.014507349470996
0.0333,4.015822782828618
0.033325,4.014507349470996
0.033350000000000005,4.014836207810666
0.033375,4.0151650661501606
0.0334,4.015493924489477
0.033425,4.014507349470996
0.03345,4.014836207810666
0.033475000000000005,4.014836207810666
0.0335,4.0151650661501606
0.033525,4.0151650661501606
0.03355,4.014836207810666
0.033575,4.014507349470996
0.033600000000000005,4.014178491131149
0.033625,4.014836207810666
0.03365,4.014836207810666
0.033675000000000004,4.0151650661501606
0.0337,4.0151650661501606
0.033725000000000005,4.014836207810666
0.03375,4.0151650661501606
0.033775,4.015493924489477
0.033800000000000004,4.0151650661501606
0.033825,4.014507349470996
0.033850000000000005,4.014836207810666
0.033875,4.015493924489477
0.0339,4.014836207810666
0.033925000000000004,4.014507349470996
0.03395,4.014836207810666
0.033975,4.015493924489477
0.034,4.014507349470996
0.034025,4.014178491131149
0.034050000000000004,4.016151641167582
0.034075,4.015493924489477
0.0341,4.014507349470996
0.034125,4.015493924489477
0.03415,4.014836207810666
0.034175000000000004,4.014836207810666
0.0342,4.0151650661501606
0.034225,4.0151650661501606
0.03425,4.015493924489477
0.034275,4.0151650661501606
0.034300000000000004,4.015493924489477
0.034325,4.015822782828618
0.03435,4.0151650661501606
0.034375,4.014507349470996
0.0344,4.014178491131149
0.034425000000000004,4.014507349470996
0.03445,4.014507349470996
0.034475,4.014178491131149
0.0345,4.0151650661501606
0.034525,4.0151650661501606
0.034550000000000004,4.015493924489477
0.034575,4.0151650661501606
0.0346,4.014507349470996
0.034625,4.014836207810666
0.03465,4.014836207810666
0.034675000000000004,4.016151641167582
0.0347,4.014836207810666
0.034725,4.015822782828618
0.03475,4.015822782828618
0.034775,4.0151650661501606
0.034800000000000005,4.015493924489477
0.034825,4.015822782828618
0.03485,4.0151650661501606
0.034875,4.0151650661501606
0.0349,4.0151650661501606
0.034925000000000005,4.015822782828618
0.03495,4.014836207810666
0.034975,4.014507349470996
0.035,4.014836207810666
0.035025,4.0151650661501606
0.035050000000000005,4.014836207810666
0.035075,4.015493924489477
0.0351,4.014836207810666
0.035125,4.0151650661501606
0.03515,4.0151650661501606
0.035175000000000005,4.014507349470996
0.0352,4.014836207810666
0.035225,4.014836207810666
0.035250000000000004,4.014836207810666
0.035275,4.014836207810666
0.035300000000000005,4.014507349470996
0.035325,4.014836207810666
0.03535,4.0151650661501606
0.035375000000000004,4.014836207810666
0.0354,4.014507349470996
0.035425000000000005,4.015822782828618
0.03545,4.014507349470996
0.035475,4.014836207810666
0.035500000000000004,4.015493924489477
0.035525,4.0151650661501606
0.03555,4.0151650661501606
0.035575,4.014836207810666
0.0356,4.015822782828618
0.035625000000000004,4.014836207810666
0.03565,4.014507349470996
0.035675,4.015493924489477
0.0357,4.015822782828618
0.035725,4.0151650661501606
0.035750000000000004,4.015493924489477
0.035775,4.015822782828618
0.0358,4.0151650661501606
0.035825,4.014836207810666
0.03585,4.014836207810666
0.035875000000000004,4.0151650661501606
0.0359,4.014836207810666
0.035925,4.0151650661501606
0.03595,4.0151650661501606
0.035975,4.014836207810666
0.036000000000000004,4.0151650661501606
0.036025,4.014836207810666
0.03605,4.014836207810666
0.036075,4.015493924489477
0.0361,4.014836207810666
0.036125000000000004,4.014178491131149
0.03615,4.014836207810666
0.036175,4.014836207810666
0.0362,4.014507349470996
0.036225,4.014836207810666
0.036250000000000004,4.014836207810666
0.036275,4.014507349470996
0.0363,4.014836207810666
0.036325,4.0151650661501606
0.03635,4.0151650661501606
0.036375000000000005,4.015493924489477
0.0364,4.015822782828618
0.036425,4.015822782828618
0.03645,4.014178491131149
0.036475,4.015822782828618
0.036500000000000005,4.015822782828618
0.036525,4.014836207810666
0.03655,4.014836207810666
0.036575,4.014836207810666
0.0366,4.0151650661501606
0.036625000000000005,4.0151650661501606
0.03665,4.015822782828618
0.036675,4.0151650661501606
0.0367,4.015493924489477
0.036725,4.014507349470996
0.036750000000000005,4.0151650661501606
0.036775,4.014507349470996
0.0368,4.014507349470996
0.036825000000000004,4.014507349470996
0.03685,4.0151650661501606
0.036875000000000005,4.014836207810666
0.0369,4.014507349470996
0.036925,4.014836207810666
0.036950000000000004,4.014836207810666
0.036975,4.0151650661501606
0.037000000000000005,4.014507349470996
0.037025,4.015493924489477
0.03705,4.014836207810666
0.037075000000000004,4.015493924489477
0.0371,4.014507349470996
0.037125000000000005,4.0151650661501606
0.03715,4.0151650661501606
0.037175,4.0151650661501606
0.037200000000000004,4.014836207810666
0.037225,4.014836207810666
0.03725,4.014836207810666
0.037275,4.0151650661501606
0.0373,4.014178491131149
0.037325000000000004,4.0151650661501606
0.03735,4.014507349470996
0.037375,4.0151650661501606
0.0374,4.014836207810666
0.037425,4.0151650661501606
0.037450000000000004,4.015493924489477
0.037475,4.014836207810666
0.0375,4.0151650661501606
0.037525,4.0151650661501606
0.03755,4.014836207810666
0.037575000000000004,4.014507349470996
0.0376,4.0151650661501606
0.037625,4.014836207810666
0.03765,4.014507349470996
0.037675,4.0151650661501606
0.037700000000000004,4.015822782828618
0.037725,4.014836207810666
0.03775,4.014836207810666
0.037775,4.0151650661501606
0.0378,4.015493924489477
0.037825000000000004,4.014836207810666
0.03785,4.014836207810666
0.037875,4.0151650661501606
0.0379,4.014178491131149
0.037925,4.014836207810666
0.037950000000000005,4.014178491131149
0.037975,4.015493924489477
0.038,4.014836207810666
0.038025,4.0151650661501606
0.03805,4.014178491131149
0.038075000000000005,4.015822782828618
0.0381,4.014507349470996
0.038125,4.0151650661501606
0.03815,4.0151650661501606
0.038175,4.014836207810666
0.038200000000000005,4.013849632791127
0.038225,4.0151650661501606
0.03825,4.014836207810666
0.038275,4.014836207810666
0.0383,4.014836207810666
0.038325000000000005,4.014836207810666
0.03835,4.014836207810666
0.038375,4.0151650661501606
0.038400000000000004,4.016151641167582
0.038425,4.014178491131149
0.038450000000000005,4.0151650661501606
0.038475,4.014836207810666
0.0385,4.0151650661501606
0.038525000000000004,4.014507349470996
0.03855,4.015822782828618
0.038575000000000005,4.014178491131149
0.0386,4.0151650661501606
0.038625,4.0151650661501606
0.038650000000000004,4.015493924489477
0.038675,4.0151650661501606
0.038700000000000005,4.014836207810666
0.038725,4.014178491131149
0.03875,4.0151650661501606
0.038775000000000004,4.015493924489477
0.0388,4.015493924489477
0.038825,4.014507349470996
0.03885,4.014507349470996
0.038875,4.014836207810666
0.038900000000000004,4.0151650661501606
0.038925,4.014836207810666
0.03895,4.0151650661501606
0.038975,4.015493924489477
0.039,4.014836207810666
0.039025000000000004,4.0151650661501606
0.03905,4.0151650661501606
0.039075,4.0151650661501606
0.0391,4.0151650661501606
0.039125,4.014836207810666
0.039150000000000004,4.014178491131149
0.039175,4.014507349470996
0.0392,4.0151650661501606
0.039225,4.015493924489477
0.03925,4.014836207810666
0.039275000000000004,4.014836207810666
0.0393,4.0151650661501606
0.039325,4.0151650661501606
0.03935,4.015493924489477
0.039375,4.016151641167582
0.039400000000000004,4.014836207810666
0.039425,4.0151650661501606
0.03945,4.014836207810666
0.039475,4.015493924489477
0.0395,4.015822782828618
0.039525000000000005,4.0151650661501606
0.03955,4.014836207810666
0.039575,4.014836207810666
0.0396,4.0151650661501606
0.039625,4.014836207810666
0.039650000000000005,4.0151650661501606
0.039675,4.015493924489477
0.0397,4.014178491131149
0.039725,4.014507349470996
0.03975,4.014836207810666
0.039775000000000005,4.0151650661501606
0.0398,4.015822782828618
0.039825,4.014836207810666
0.039850000000000003,4.014507349470996
0.039875,4.014507349470996
0.039900000000000005,4.014836207810666
0.039925,4.014836207810666
0.03995,4.0151650661501606
0.039975000000000004,4.014836207810666
0.04,4.0151650661501606
0.040025000000000005,4.014836207810666
0.04005,4.014836207810666
0.040075,4.0151650661501606
0.040100000000000004,4.014836207810666
0.040125,4.014836207810666
0.040150000000000005,4.0151650661501606
0.040175,4.015493924489477
0.0402,4.016151641167582
0.040225000000000004,4.014836207810666
0.04025,4.015822782828618
0.040275000000000005,4.0151650661501606
0.0403,4.015493924489477
0.040325,4.014836207810666
0.040350000000000004,4.014507349470996
0.040375,4.015493924489477
0.040400000000000005,4.0151650661501606
0.040425,4.013849632791127
0.04045,4.015493924489477
0.040475000000000004,4.0151650661501606
0.0405,4.0151650661501606
0.040525,4.0151650661501606
0.04055,4.014836207810666
0.040575,4.014836207810666
0.040600000000000004,4.0151650661501606
0.040625,4.014836207810666
0.04065,4.0151650661501606
0.040675,4.014507349470996
0.0407,4.0151650661501606
0.040725000000000004,4.014507349470996
0.04075,4.0151650661501606
0.040775,4.0151650661501606
0.0408,4.0151650661501606
0.040825,4.014836207810666
0.040850000000000004,4.0151650661501606
0.040875,4.0151650661501606
0.0409,4.015493924489477
0.040925,4.0151650661501606
0.04095,4.014836207810666
0.040975000000000004,4.014836207810666
0.041,4.014507349470996
0.041025,4.0151650661501606
0.04105,4.015493924489477
0.041075,4.014836207810666
0.041100000000000005,4.015493924489477
0.041125,4.014836207810666
0.04115,4.015493924489477
0.041175,4.015493924489477
0.0412,4.015493924489477
0.041225000000000005,4.015493924489477
0.04125,4.014836207810666
0.041275,4.0151650661501606
0.0413,4.014836207810666
0.041325,4.014507349470996
0.041350000000000005,4.014178491131149
0.041375,4.014507349470996
0.0414,4.015493924489477
0.041425000000000003,4.015493924489477
0.04145,4.014507349470996
0.041475000000000005,4.014836207810666
0.0415,4.014836207810666
0.041525,4.014836207810666
0.041550000000000004,4.015493924489477
0.041575,4.014836207810666
0.041600000000000005,4.0151650661501606
0.041625,4.014836207810666
0.04165,4.015493924489477
0.041675000000000004,4.015493924489477
0.0417,4.015822782828618
0.041725000000000005,4.014836207810666
0.04175,4.014178491131149
0.041775,4.014507349470996
0.041800000000000004,4.0151650661501606
0.041825,4.014836207810666
0.041850000000000005,4.014836207810666
0.041875,4.014836207810666
0.0419,4.015822782828618
0.041925000000000004,4.014836207810666
0.04195,4.014836207810666
0.041975000000000005,4.014836207810666
0.042,4.014836207810666
0.042025,4.0151650661501606
0.042050000000000004,4.014836207810666
0.042075,4.0151650661501606
0.042100000000000005,4.014507349470996
0.042125,4.0151650661501606
0.04215,4.014836207810666
0.042175000000000004,4.014507349470996
0.0422,4.014836207810666
0.042225,4.0151650661501606
0.04225,4.014178491131149
0.042275,4.014836207810666
0.042300000000000004,4.014507349470996
0.042325,4.0151650661501606
0.04235,4.014836207810666
0.042375,4.014507349470996
0.0424,4.014836207810666
0.042425000000000004,4.014507349470996
0.04245,4.015493924489477
0.042475,4.014507349470996
0.0425,4.015493924489477
0.042525,4.0151650661501606
0.042550000000000004,4.015493924489477
0.042575,4.015822782828618
0.0426,4.015822782828618
0.042625,4.0151650661501606
0.04265,4.0151650661501606
0.042675000000000005,4.0151650661501606
0.0427,4.0151650661501606
0.042725,4.014507349470996
0.04275,4.0151650661501606
0.042775,4.014836207810666
0.042800000000000005,4.014507349470996
0.042825,4.0151650661501606
0.04285,4.014836207810666
0.042875,4.015493924489477
0.0429,4.015493924489477
0.042925000000000005,4.014836207810666
0.04295,4.015493924489477
0.042975,4.014836207810666
0.043000000000000003,4.015493924489477
0.043025,4.015493924489477
0.043050000000000005,4.014836207810666
0.043075,4.014178491131149
0.0431,4.014836207810666
0.043125000000000004,4.014507349470996
0.04315,4.015493924489477
0.043175000000000005,4.014836207810666
0.0432,4.014836207810666
0.043225,4.014507349470996
0.043250000000000004,4.014836207810666
0.043275,4.014836207810666
0.043300000000000005,4.015822782828618
0.043325,4.0151650661501606
0.04335,4.015493924489477
0.043375000000000004,4.015822782828618
0.0434,4.0151650661501606
0.043425000000000005,4.014507349470996
0.04345,4.014507349470996
0.043475,4.014507349470996
0.043500000000000004,4.0151650661501606
0.043525,4.014836207810666
0.043550000000000005,4.014836207810666
0.043575,4.0151650661501606
0.0436,4.014836207810666
0.043625000000000004,4.0151650661501606
0.04365,4.0151650661501606
0.043675000000000005,4.014507349470996
0.0437,4.014178491131149
0.043725,4.015493924489477
0.043750000000000004,4.014507349470996
0.043775,4.014836207810666
0.0438,4.015493924489477
0.043825,4.014836207810666
0.04385,4.015493924489477
0.043875000000000004,4.0151650661501606
0.0439,4.015493924489477
0.043925,4.015493924489477
0.04395,4.015493924489477
0.043975,4.015822782828618
0.044000000000000004,4.0151650661501606
0.044025,4.014507349470996
0.04405,4.015493924489477
0.044075,4.015493924489477
0.0441,4.015493924489477
0.044125000000000004,4.015493924489477
0.04415,4.014507349470996
0.044175,4.014178491131149
0.0442,4.015822782828618
0.044225,4.015493924489477
0.044250000000000005,4.014507349470996
0.044275,4.015493924489477
0.0443,4.0151650661501606
0.044325,4.014836207810666
0.04435,4.014836207810666
0.044375000000000005,4.0151650661501606
0.0444,4.014836207810666
0.044425,4.0151650661501606
0.04445,4.0151650661501606
0.044475,4.014836207810666
0.044500000000000005,4.014836207810666
0.044525,4.015493924489477
0.04455,4.0151650661501606
0.044575000000000004,4.014836207810666
0.0446,4.015493924489477
0.044625000000000005,4.014836207810666
0.04465,4.015822782828618
0.044675,4.014507349470996
0.044700000000000004,4.0151650661501606
0.044725,4.015493924489477
0.044750000000000005,4.0151650661501606
0.044775,4.015493924489477
0.0448,4.014836207810666
0.044825000000000004,4.013849632791127
0.04485,4.014507349470996
0.044875000000000005,4.015493924489477
0.0449,4.0151650661501606
0.044925,4.014836207810666
0.044950000000000004,4.015493924489477
0.044975,4.015493924489477
0.045000000000000005,4.014507349470996
0.045025,4.0151650661501606
0.04505,4.014178491131149
0.045075000000000004,4.0151650661501606
0.0451,4.016151641167582
0.045125000000000005,4.014507349470996
0.04515,4.0151650661501606
0.045175,4.014836207810666
0.045200000000000004,4.0151650661501606
0.045225,4.014507349470996
0.045250000000000005,4.014507349470996
0.045275,4.015822782828618
0.0453,4.014836207810666
0.045325000000000004,4.014836207810666
0.04535,4.0151650661501606
0.045375000000000006,4.014178491131149
0.0454,4.0151650661501606
0.045425,4.0151650661501606
0.045450000000000004,4.014836207810666
0.045475,4.015493924489477
0.0455,4.015493924489477
0.045525,4.014836207810666
0.04555,4.014836207810666
0.045575000000000004,4.014507349470996
0.0456,4.015493924489477
0.045625,4.015493924489477
0.04565,4.015822782828618
0.045675,4.014836207810666
0.045700000000000005,4.015493924489477
0.045725,4.0151650661501606
0.04575,4.015493924489477
0.045775,4.014836207810666
0.0458,4.015493924489477
0.045825000000000005,4.015493924489477
0.04585,4.0151650661501606
0.045875,4.015493924489477
0.0459,4.015493924489477
0.045925,4.014507349470996
0.045950000000000005,4.014836207810666
0.045975,4.014507349470996
0.046,4.0151650661501606
0.046025,4.014836207810666
0.04605,4.016151641167582
0.046075000000000005,4.014507349470996
0.0461,4.014836207810666
0.046125,4.015493924489477
0.046150000000000004,4.015822782828618
0.046175,4.0151650661501606
0.046200000000000005,4.0151650661501606
0.046225,4.014507349470996
0.04625,4.0151650661501606
0.046275000000000004,4.014836207810666
0.0463,4.015493924489477
0.046325000000000005,4.015493924489477
0.04635,4.014507349470996
0.046375,4.014836207810666
0.046400000000000004,4.0151650661501606
0.046425,4.015822782828618
0.046450000000000005,4.014836207810666
0.046475,4.014507349470996
0.0465,4.015822782828618
0.046525000000000004,4.015493924489477
0.04655,4.014836207810666
0.046575000000000005,4.015493924489477
0.0466,4.0151650661501606
0.046625,4.014836207810666
0.046650000000000004,4.014836207810666
0.046675,4.015493924489477
0.046700000000000005,4.014178491131149
0.046725,4.014836207810666
0.04675,4.015493924489477
0.046775000000000004,4.0151650661501606
0.0468,4.014836207810666
0.046825000000000006,4.014178491131149
0.04685,4.014178491131149
0.046875,4.0151650661501606
0.046900000000000004,4.0151650661501606
0.046925,4.014507349470996
0.046950000000000006,4.015822782828618
0.046975,4.015493924489477
0.047,4.014507349470996
0.047025000000000004,4.014507349470996
0.04705,4.015493924489477
0.047075,4.015493924489477
0.0471,4.014836207810666
0.047125,4.014507349470996
0.047150000000000004,4.015493924489477
0.047175,4.014836207810666
0.0472,4.014836207810666
0.047225,4.014507349470996
0.04725,4.014836207810666
0.047275000000000005,4.015822782828618
0.0473,4.014178491131149
0.047325,4.015493924489477
0.04735,4.014836207810666
0.047375,4.014836207810666
0.047400000000000005,4.014836207810666
0.047425,4.014178491131149
0.04745,4.014836207810666
0.047475,4.015493924489477
0.0475,4.015493924489477
0.047525000000000005,4.0151650661501606
0.04755,4.0151650661501606
0.047575,4.014836207810666
0.0476,4.015493924489477
0.047625,4.014836207810666
0.047650000000000005,4.014836207810666
0.047675,4.014836207810666
0.0477,4.0151650661501606
0.047725000000000004,4.014836207810666
0.04775,4.014178491131149
0.047775000000000005,4.014836207810666
0.0478,4.014178491131149
0.047825,4.015493924489477
0.047850000000000004,4.014836207810666
0.047875,4.014507349470996
0.047900000000000005,4.014836207810666
0.047925,4.0151650661501606
0.04795,4.015493924489477
0.047975000000000004,4.014836207810666
0.048,4.015493924489477
0.048025000000000005,4.0151650661501606
0.04805,4.014836207810666
0.048075,4.014836207810666
0.048100000000000004,4.015493924489477
0.048125,4.014836207810666
0.048150000000000005,4.015493924489477
0.048175,4.014836207810666
0.0482,4.015493924489477
0.048225000000000004,4.0151650661501606
0.04825,4.0151650661501606
0.048275000000000005,4.015493924489477
0.0483,4.015822782828618
0.048325,4.015493924489477
0.048350000000000004,4.0151650661501606
0.048375,4.015493924489477
0.048400000000000006,4.0151650661501606
0.048425,4.014836207810666
0.04845,4.014836207810666
0.048475000000000004,4.014836207810666
0.0485,4.015493924489477
0.048525000000000006,4.0151650661501606
0.04855,4.015822782828618
0.048575,4.0151650661501606
0.048600000000000004,4.0151650661501606
0.048625,4.014507349470996
0.048650000000000006,4.0151650661501606
0.048675,4.014178491131149
0.0487,4.015822782828618
0.048725000000000004,4.015493924489477
0.04875,4.015493924489477
0.048775,4.0151650661501606
0.0488,4.015493924489477
0.048825,4.0151650661501606
0.048850000000000005,4.0151650661501606
0.048875,4.015493924489477
0.0489,4.014836207810666
0.048925,4.014836207810666
0.04895,4.015822782828618
0.048975000000000005,4.0151650661501606
0.049,4.015493924489477
0.049025,4.015822782828618
0.04905,4.0151650661501606
0.049075,4.015822782828618
0.049100000000000005,4.014178491131149
0.049125,4.014836207810666
0.04915,4.0151650661501606
0.049175,4.015822782828618
0.0492,4.0151650661501606
0.049225000000000005,4.0151650661501606
0.04925,4.014836207810666
0.049275,4.014836207810666
0.049300000000000004,4.0151650661501606
0.049325,4.0151650661501606
0.049350000000000005,4.0151650661501606
0.049375,4.0151650661501606
0.0494,4.0151650661501606
0.049425000000000004,4.0151650661501606
0.04945,4.014836207810666
0.049475000000000005,4.014836207810666
0.0495,4.015493924489477
0.049525,4.0151650661501606
0.049550000000000004,4.014836207810666
0.049575,4.0151650661501606
0.049600000000000005,4.015493924489477
0.049625,4.0151650661501606
0.04965,4.015493924489477
0.049675000000000004,4.014836207810666
0.0497,4.015493924489477
0.049725000000000005,4.0151650661501606
0.04975,4.015493924489477
0.049775,4.014836207810666
0.049800000000000004,4.0151650661501606
0.049825,4.014836207810666
0.049850000000000005,4.015493924489477
0.049875,4.014836207810666
0.0499,4.0151650661501606
0.049925000000000004,4.014507349470996
0.04995,4.0151650661501606
0.049975000000000006,4.014178491131149
